payment_id,amount,currency,failure_code,failure_message,customer_success_rate,previous_failures,previous_recovery_attempts,previous_recovery_action,previous_outcome,customer_engagement,time_since_failure_minutes,remaining_recovery_opportunities,true_failure_type
PAY_SIM_000001,525.11,INR,INSUFFICIENT_FUNDS,,0.267,0,0,,,NONE,127,3,INSUFFICIENT_FUNDS
PAY_SIM_000002,7078.73,INR,DO_NOT_HONOR,,0.615,1,0,,,NONE,1736,3,CARD_DECLINED
PAY_SIM_000003,1269.68,INR,,The payment gateway timed out while contacting the bank.,0.822,0,0,,,NONE,327,3,BANK_TIMEOUT
PAY_SIM_000004,2709.67,INR,DO_NOT_HONOR,,0.7,0,0,,,NONE,2608,3,CARD_DECLINED
PAY_SIM_000005,3694.87,INR,GATEWAY_TIMEOUT,,0.546,3,1,SEND_RECOVERY_LINK,FAILED,LINK_OPENED,234,2,BANK_TIMEOUT
PAY_SIM_000006,2833.92,INR,DO_NOT_HONOR,,0.603,1,0,,,NONE,2399,3,CARD_DECLINED
PAY_SIM_000007,250.33,INR,ISSUER_TIMEOUT,,0.915,3,0,,,NONE,2271,3,BANK_TIMEOUT
PAY_SIM_000008,3897.87,INR,ISSUER_TIMEOUT,,0.949,1,1,SEND_RECOVERY_LINK,FAILED,LINK_SENT,440,2,BANK_TIMEOUT
PAY_SIM_000009,729.6,INR,,Do not honor - card declined by issuing bank.,0.097,1,0,,,NONE,463,3,CARD_DECLINED
PAY_SIM_000010,583.91,INR,GATEWAY_TIMEOUT,,0.109,0,0,,,NONE,2707,3,BANK_TIMEOUT
PAY_SIM_000011,6299.3,INR,CARD_DECLINED,,0.543,0,0,,,NONE,267,3,CARD_DECLINED
PAY_SIM_000012,482.68,INR,,The account does not have sufficient balance to complete this payment.,0.54,1,1,WAIT_AND_REASSESS,FAILED,NONE,1000,2,INSUFFICIENT_FUNDS
PAY_SIM_000013,2877.37,INR,BANK_503,,0.825,1,0,,,NONE,1394,3,BANK_TIMEOUT
PAY_SIM_000014,1528.84,INR,,Transaction could not be completed because of a temporary restriction at the issuer's end.,0.781,2,2,SEND_RECOVERY_LINK,FAILED,NONE,1994,1,BANK_TIMEOUT
PAY_SIM_000015,387.15,INR,,Transaction could not be completed because of a temporary restriction at the issuer's end.,0.273,1,0,,,NONE,782,3,BANK_TIMEOUT
PAY_SIM_000016,242.34,INR,,The account does not have sufficient balance to complete this payment.,0.745,0,0,,,NONE,2442,3,INSUFFICIENT_FUNDS
PAY_SIM_000017,4803.38,INR,GATEWAY_TIMEOUT,,0.62,0,0,,,NONE,841,3,BANK_TIMEOUT
PAY_SIM_000018,2872.23,INR,DO_NOT_HONOR,,0.759,3,2,RETRY_PAYMENT,FAILED,NONE,2207,1,CARD_DECLINED
PAY_SIM_000019,5626.26,INR,3DS_FAILED,,0.212,3,1,RETRY_PAYMENT,FAILED,NONE,2740,2,AUTH_FAILURE
PAY_SIM_000020,4770.09,INR,GATEWAY_TIMEOUT,,0.901,0,0,,,NONE,2820,3,BANK_TIMEOUT
PAY_SIM_000021,7981.86,INR,ISSUER_TIMEOUT,,0.382,0,0,,,NONE,1756,3,BANK_TIMEOUT
PAY_SIM_000022,3041.58,INR,AUTH_FAILURE,,0.8,2,1,RETRY_PAYMENT,FAILED,NONE,1470,2,AUTH_FAILURE
PAY_SIM_000023,4455.82,INR,,The card issuer declined this transaction.,0.523,0,0,,,NONE,1691,3,CARD_DECLINED
PAY_SIM_000024,3321.01,INR,GATEWAY_TIMEOUT,,0.865,0,0,,,NONE,937,3,BANK_TIMEOUT
PAY_SIM_000025,565.33,INR,,The card issuer declined this transaction.,0.448,0,0,,,NONE,736,3,CARD_DECLINED
PAY_SIM_000026,1147.23,INR,,Transaction could not be completed because of a temporary restriction at the issuer's end.,0.412,1,0,,,NONE,1791,0,BANK_TIMEOUT
PAY_SIM_000027,1133.38,INR,DO_NOT_HONOR,,0.82,0,0,,,NONE,1216,3,CARD_DECLINED
PAY_SIM_000028,13055.94,INR,INSUFFICIENT_FUNDS,,0.45,1,0,,,NONE,1816,3,INSUFFICIENT_FUNDS
PAY_SIM_000029,537.11,INR,,The account does not have sufficient balance to complete this payment.,0.694,0,0,,,NONE,1951,3,INSUFFICIENT_FUNDS
PAY_SIM_000030,2450.34,INR,DO_NOT_HONOR,,0.768,0,0,,,NONE,441,3,CARD_DECLINED
PAY_SIM_000031,1195.44,INR,GATEWAY_TIMEOUT,,0.562,2,1,WAIT_AND_REASSESS,FAILED,NONE,2249,2,BANK_TIMEOUT
PAY_SIM_000032,35135.83,INR,CARD_DECLINED,,0.404,0,0,,,NONE,965,3,CARD_DECLINED
PAY_SIM_000033,344.81,INR,ISSUER_TIMEOUT,,0.522,0,0,,,NONE,2397,3,BANK_TIMEOUT
PAY_SIM_000034,429.07,INR,DO_NOT_HONOR,,0.519,1,0,,,NONE,903,3,CARD_DECLINED
PAY_SIM_000035,3189.15,INR,DO_NOT_HONOR,,0.581,0,0,,,NONE,2316,3,CARD_DECLINED
PAY_SIM_000036,1675.55,INR,BANK_503,,0.561,0,0,,,NONE,1731,3,BANK_TIMEOUT
PAY_SIM_000037,1034.06,INR,INSUFFICIENT_FUNDS,,0.062,0,0,,,NONE,473,3,INSUFFICIENT_FUNDS
PAY_SIM_000038,366.43,INR,3DS_FAILED,,0.798,3,0,,,NONE,817,3,AUTH_FAILURE
PAY_SIM_000039,3080.36,INR,GATEWAY_TIMEOUT,,0.432,0,0,,,NONE,2714,3,BANK_TIMEOUT
PAY_SIM_000040,1344.92,INR,GATEWAY_TIMEOUT,,0.719,0,0,,,NONE,2527,3,BANK_TIMEOUT
PAY_SIM_000041,8170.96,INR,DO_NOT_HONOR,,0.452,1,1,SUGGEST_ALTERNATIVE_METHOD,FAILED,NONE,1336,2,CARD_DECLINED
PAY_SIM_000042,19966.11,INR,CARD_DECLINED,,0.487,1,0,,,NONE,75,3,CARD_DECLINED
PAY_SIM_000043,2421.59,INR,,Do not honor - card declined by issuing bank.,0.387,1,0,,,NONE,1034,3,CARD_DECLINED
PAY_SIM_000044,2403.28,INR,,The payment gateway timed out while contacting the bank.,0.338,3,0,,,NONE,1164,3,BANK_TIMEOUT
PAY_SIM_000045,1975.87,INR,GATEWAY_TIMEOUT,,0.65,0,0,,,NONE,1961,3,BANK_TIMEOUT
PAY_SIM_000046,2340.48,INR,ISSUER_TIMEOUT,,0.409,0,0,,,NONE,2488,3,BANK_TIMEOUT
PAY_SIM_000047,5415.98,INR,CARD_DECLINED,,0.532,3,0,,,NONE,856,3,CARD_DECLINED
PAY_SIM_000048,2321.06,INR,GATEWAY_TIMEOUT,,0.259,1,1,SEND_RECOVERY_LINK,FAILED,LINK_SENT,2235,2,BANK_TIMEOUT
PAY_SIM_000049,425.74,INR,OTP_FAILED,,0.798,1,1,WAIT_AND_REASSESS,FAILED,NONE,1798,2,AUTH_FAILURE
PAY_SIM_000050,2210.36,INR,,The account does not have sufficient balance to complete this payment.,0.166,0,0,,,NONE,1108,3,INSUFFICIENT_FUNDS
PAY_SIM_000051,54537.82,INR,CARD_DECLINED,,0.261,0,0,,,NONE,1370,3,CARD_DECLINED
PAY_SIM_000052,3021.38,INR,DO_NOT_HONOR,,0.658,3,0,,,NONE,2112,3,CARD_DECLINED
PAY_SIM_000053,717.84,INR,CARD_DECLINED,,0.645,0,0,,,NONE,502,0,CARD_DECLINED
PAY_SIM_000054,1445.27,INR,INSUFFICIENT_FUNDS,,0.421,0,0,,,NONE,1939,3,INSUFFICIENT_FUNDS
PAY_SIM_000055,3786.41,INR,GATEWAY_TIMEOUT,,0.166,0,0,,,NONE,1099,3,BANK_TIMEOUT
PAY_SIM_000056,2817.25,INR,OTP_FAILED,,0.351,3,1,SEND_RECOVERY_LINK,FAILED,LINK_SENT,961,2,AUTH_FAILURE
PAY_SIM_000057,14094.66,INR,INSUFFICIENT_FUNDS,,0.262,0,0,,,NONE,2062,3,INSUFFICIENT_FUNDS
PAY_SIM_000058,1425.64,INR,3DS_FAILED,,0.553,0,0,,,NONE,1090,3,AUTH_FAILURE
PAY_SIM_000059,669.51,INR,GATEWAY_TIMEOUT,,0.467,0,0,,,NONE,2534,3,BANK_TIMEOUT
PAY_SIM_000060,4116.23,INR,PROCESSING_ERROR,,0.171,0,0,,,NONE,1206,3,PROCESSING_ERROR
PAY_SIM_000061,3293.25,INR,DO_NOT_HONOR,,0.475,0,0,,,NONE,1045,3,CARD_DECLINED
PAY_SIM_000062,2692.02,INR,OTP_FAILED,,0.441,0,0,,,NONE,1242,3,AUTH_FAILURE
PAY_SIM_000063,1275.08,INR,,The payment gateway timed out while contacting the bank.,0.86,0,0,,,NONE,2814,3,BANK_TIMEOUT
PAY_SIM_000064,138.2,INR,OTP_FAILED,,0.51,1,1,SEND_RECOVERY_LINK,FAILED,LINK_SENT,2575,2,AUTH_FAILURE
PAY_SIM_000065,1348.03,INR,GATEWAY_TIMEOUT,,0.301,0,0,,,NONE,1121,3,BANK_TIMEOUT
PAY_SIM_000066,91.58,INR,,An unexpected error occurred while processing the transaction.,0.91,0,0,,,NONE,2767,3,PROCESSING_ERROR
PAY_SIM_000067,1379.57,INR,BANK_503,,0.168,0,0,,,NONE,1526,3,BANK_TIMEOUT
PAY_SIM_000068,6276.07,INR,INSUFFICIENT_FUNDS,,0.504,1,1,RETRY_PAYMENT,FAILED,NONE,577,0,INSUFFICIENT_FUNDS
PAY_SIM_000069,612.67,INR,,The payment gateway timed out while contacting the bank.,0.439,1,1,RETRY_PAYMENT,FAILED,NONE,2009,2,BANK_TIMEOUT
PAY_SIM_000070,1165.68,INR,,The payment gateway timed out while contacting the bank.,0.231,0,0,,,NONE,782,3,BANK_TIMEOUT
PAY_SIM_000071,400.62,INR,GATEWAY_TIMEOUT,,0.232,1,1,SEND_RECOVERY_LINK,FAILED,NONE,609,2,BANK_TIMEOUT
PAY_SIM_000072,836.57,INR,OTP_FAILED,,0.872,0,0,,,NONE,718,3,AUTH_FAILURE
PAY_SIM_000073,4381.43,INR,CARD_DECLINED,,0.88,3,0,,,NONE,2703,3,CARD_DECLINED
PAY_SIM_000074,1692.08,INR,,The payment gateway timed out while contacting the bank.,0.873,0,0,,,NONE,2598,3,BANK_TIMEOUT
PAY_SIM_000075,2009.33,INR,,An unexpected error occurred while processing the transaction.,0.458,1,1,SEND_RECOVERY_LINK,FAILED,LINK_SENT,940,2,PROCESSING_ERROR
PAY_SIM_000076,476.77,INR,,Do not honor - card declined by issuing bank.,0.811,0,0,,,NONE,386,3,CARD_DECLINED
PAY_SIM_000077,2338.43,INR,3DS_FAILED,,0.797,1,1,RETRY_PAYMENT,FAILED,NONE,1183,2,AUTH_FAILURE
PAY_SIM_000078,513.74,INR,CARD_DECLINED,,0.683,0,0,,,NONE,2551,3,CARD_DECLINED
PAY_SIM_000079,4777.42,INR,INSUFFICIENT_FUNDS,,0.077,0,0,,,NONE,591,3,INSUFFICIENT_FUNDS
PAY_SIM_000080,1982.7,INR,,The account does not have sufficient balance to complete this payment.,0.611,3,0,,,NONE,220,3,INSUFFICIENT_FUNDS
PAY_SIM_000081,506.67,INR,INSUFFICIENT_FUNDS,,0.652,0,0,,,NONE,1165,3,INSUFFICIENT_FUNDS
PAY_SIM_000082,1104.02,INR,BANK_503,,0.144,0,0,,,NONE,36,3,BANK_TIMEOUT
PAY_SIM_000083,3901.4,INR,DO_NOT_HONOR,,0.92,0,0,,,NONE,323,3,CARD_DECLINED
PAY_SIM_000084,1516.96,INR,INSUFFICIENT_FUNDS,,0.057,2,2,RETRY_PAYMENT,FAILED,NONE,1793,1,INSUFFICIENT_FUNDS
PAY_SIM_000085,1359.43,INR,,The card issuer declined this transaction.,0.659,0,0,,,NONE,1436,3,CARD_DECLINED
PAY_SIM_000086,787.49,INR,ISSUER_TIMEOUT,,0.487,1,0,,,NONE,2314,3,BANK_TIMEOUT
PAY_SIM_000087,7020.46,INR,INSUFFICIENT_FUNDS,,0.414,1,0,,,NONE,308,3,INSUFFICIENT_FUNDS
PAY_SIM_000088,583.6,INR,DO_NOT_HONOR,,0.529,1,0,,,NONE,2346,3,CARD_DECLINED
PAY_SIM_000089,8707.73,INR,DO_NOT_HONOR,,0.593,0,0,,,NONE,1495,3,CARD_DECLINED
PAY_SIM_000090,2581.82,INR,AUTH_FAILURE,,0.689,0,0,,,NONE,2694,3,AUTH_FAILURE
PAY_SIM_000091,2168.64,INR,,The card issuer declined this transaction.,0.326,1,1,SUGGEST_ALTERNATIVE_METHOD,FAILED,LINK_SENT,2640,2,CARD_DECLINED
PAY_SIM_000092,1441.6,INR,INSUFFICIENT_FUNDS,,0.632,0,0,,,NONE,568,3,INSUFFICIENT_FUNDS
PAY_SIM_000093,2409.46,INR,DO_NOT_HONOR,,0.481,0,0,,,NONE,2563,3,CARD_DECLINED
PAY_SIM_000094,725.45,INR,GATEWAY_TIMEOUT,,0.799,3,1,SEND_RECOVERY_LINK,FAILED,LINK_SENT,2341,2,BANK_TIMEOUT
PAY_SIM_000095,1825.18,INR,3DS_FAILED,,0.261,0,0,,,NONE,1525,3,AUTH_FAILURE
PAY_SIM_000096,326.28,INR,,3DS authentication was not completed successfully.,0.64,3,0,,,NONE,1852,3,AUTH_FAILURE
PAY_SIM_000097,1817.03,INR,BANK_503,,0.058,1,0,,,NONE,1180,3,BANK_TIMEOUT
PAY_SIM_000098,1553.8,INR,,The account does not have sufficient balance to complete this payment.,0.395,0,0,,,NONE,981,3,INSUFFICIENT_FUNDS
PAY_SIM_000099,6439.97,INR,ISSUER_TIMEOUT,,0.5,0,0,,,NONE,1450,3,BANK_TIMEOUT
PAY_SIM_000100,1937.8,INR,INSUFFICIENT_FUNDS,,0.954,0,0,,,NONE,1534,3,INSUFFICIENT_FUNDS
PAY_SIM_000101,5898.65,INR,DO_NOT_HONOR,,0.761,0,0,,,NONE,722,3,CARD_DECLINED
PAY_SIM_000102,4726.99,INR,INSUFFICIENT_FUNDS,,0.56,0,0,,,NONE,200,3,INSUFFICIENT_FUNDS
PAY_SIM_000103,1482.81,INR,OTP_FAILED,,0.586,1,0,,,NONE,2131,3,AUTH_FAILURE
PAY_SIM_000104,5368.23,INR,GATEWAY_TIMEOUT,,0.833,0,0,,,NONE,1750,3,BANK_TIMEOUT
PAY_SIM_000105,5316.33,INR,BANK_503,,0.28,1,1,SEND_RECOVERY_LINK,FAILED,LINK_OPENED,2782,2,BANK_TIMEOUT
PAY_SIM_000106,2777.94,INR,BANK_503,,0.371,0,0,,,NONE,1508,3,BANK_TIMEOUT
PAY_SIM_000107,2663.3,INR,,An unexpected error occurred while processing the transaction.,0.183,1,1,WAIT_AND_REASSESS,FAILED,NONE,824,2,PROCESSING_ERROR
PAY_SIM_000108,4353.37,INR,BANK_503,,0.641,1,0,,,NONE,1485,3,BANK_TIMEOUT
PAY_SIM_000109,677.32,INR,,3DS authentication was not completed successfully.,0.465,0,0,,,NONE,274,3,AUTH_FAILURE
PAY_SIM_000110,32054.84,INR,CARD_DECLINED,,0.166,1,0,,,NONE,2263,3,CARD_DECLINED
PAY_SIM_000111,782.61,INR,,Do not honor - card declined by issuing bank.,0.214,3,1,RETRY_PAYMENT,FAILED,NONE,1031,2,CARD_DECLINED
PAY_SIM_000112,814.38,INR,,The payment gateway timed out while contacting the bank.,0.431,1,1,RETRY_PAYMENT,FAILED,NONE,121,2,BANK_TIMEOUT
PAY_SIM_000113,4287.64,INR,INSUFFICIENT_FUNDS,,0.526,3,0,,,NONE,2810,3,INSUFFICIENT_FUNDS
PAY_SIM_000114,1343.03,INR,BANK_503,,0.493,0,0,,,NONE,995,3,BANK_TIMEOUT
PAY_SIM_000115,5890.17,INR,BANK_503,,0.586,0,0,,,NONE,1917,3,BANK_TIMEOUT
PAY_SIM_000116,1247.41,INR,,The payment gateway timed out while contacting the bank.,0.767,1,1,WAIT_AND_REASSESS,FAILED,NONE,1175,2,BANK_TIMEOUT
PAY_SIM_000117,897.14,INR,,The payment gateway timed out while contacting the bank.,0.828,0,0,,,NONE,1587,3,BANK_TIMEOUT
PAY_SIM_000118,3287.64,INR,3DS_FAILED,,0.345,1,0,,,NONE,595,3,AUTH_FAILURE
PAY_SIM_000119,5963.17,INR,GATEWAY_TIMEOUT,,0.55,0,0,,,NONE,2530,3,BANK_TIMEOUT
PAY_SIM_000120,1874.19,INR,,The card issuer declined this transaction.,0.93,0,0,,,NONE,1265,3,CARD_DECLINED
PAY_SIM_000121,500.35,INR,INSUFFICIENT_FUNDS,,0.372,1,1,WAIT_AND_REASSESS,FAILED,NONE,610,2,INSUFFICIENT_FUNDS
PAY_SIM_000122,1493.04,INR,ISSUER_TIMEOUT,,0.475,0,0,,,NONE,260,3,BANK_TIMEOUT
PAY_SIM_000123,3446.6,INR,DO_NOT_HONOR,,0.504,1,1,SUGGEST_ALTERNATIVE_METHOD,FAILED,LINK_SENT,792,2,CARD_DECLINED
PAY_SIM_000124,6441.76,INR,ISSUER_TIMEOUT,,0.29,0,0,,,NONE,1125,3,BANK_TIMEOUT
PAY_SIM_000125,1037.85,INR,DO_NOT_HONOR,,0.674,0,0,,,NONE,2211,3,CARD_DECLINED
PAY_SIM_000126,3066.63,INR,,Transaction could not be completed because of a temporary restriction at the issuer's end.,0.356,0,0,,,NONE,1939,3,BANK_TIMEOUT
PAY_SIM_000127,20279.89,INR,PROCESSING_ERROR,,0.352,0,0,,,NONE,371,3,PROCESSING_ERROR
PAY_SIM_000128,8568.76,INR,AUTH_FAILURE,,0.482,3,0,,,NONE,2631,3,AUTH_FAILURE
PAY_SIM_000129,1677.8,INR,,Customer failed OTP verification during checkout.,0.283,0,0,,,NONE,1213,3,AUTH_FAILURE
PAY_SIM_000130,2808.32,INR,INSUFFICIENT_FUNDS,,0.542,3,0,,,NONE,1021,0,INSUFFICIENT_FUNDS
PAY_SIM_000131,6169.74,INR,,The account does not have sufficient balance to complete this payment.,0.882,0,0,,,NONE,2063,3,INSUFFICIENT_FUNDS
PAY_SIM_000132,1311.85,INR,,The account does not have sufficient balance to complete this payment.,0.573,2,1,SEND_RECOVERY_LINK,FAILED,LINK_OPENED,2791,2,INSUFFICIENT_FUNDS
PAY_SIM_000133,1965.11,INR,DO_NOT_HONOR,,0.851,0,0,,,NONE,1814,3,CARD_DECLINED
PAY_SIM_000134,2002.88,INR,,Transaction could not be completed because of a temporary restriction at the issuer's end.,0.523,0,0,,,NONE,94,3,BANK_TIMEOUT
PAY_SIM_000135,488.29,INR,DO_NOT_HONOR,,0.241,1,1,WAIT_AND_REASSESS,FAILED,NONE,1538,2,CARD_DECLINED
PAY_SIM_000136,5011.91,INR,,Do not honor - card declined by issuing bank.,0.633,0,0,,,NONE,917,3,CARD_DECLINED
PAY_SIM_000137,3706.9,INR,CARD_DECLINED,,0.48,0,0,,,NONE,467,0,CARD_DECLINED
PAY_SIM_000138,242.03,INR,,Transaction could not be completed because of a temporary restriction at the issuer's end.,0.852,0,0,,,NONE,236,3,BANK_TIMEOUT
PAY_SIM_000139,3433.91,INR,3DS_FAILED,,0.678,0,0,,,NONE,910,3,AUTH_FAILURE
PAY_SIM_000140,2738.27,INR,PROCESSING_ERROR,,0.34,0,0,,,NONE,1546,3,PROCESSING_ERROR
PAY_SIM_000141,499.75,INR,AUTH_FAILURE,,0.673,1,0,,,NONE,999,3,AUTH_FAILURE
PAY_SIM_000142,3051.94,INR,PROCESSING_ERROR,,0.334,0,0,,,NONE,2755,3,PROCESSING_ERROR
PAY_SIM_000143,4813.64,INR,,Do not honor - card declined by issuing bank.,0.212,2,1,SEND_RECOVERY_LINK,FAILED,LINK_SENT,985,2,CARD_DECLINED
PAY_SIM_000144,2713.0,INR,CARD_DECLINED,,0.465,1,1,SUGGEST_ALTERNATIVE_METHOD,FAILED,LINK_CLICKED,1523,2,CARD_DECLINED
PAY_SIM_000145,3185.5,INR,,The account does not have sufficient balance to complete this payment.,0.58,0,0,,,NONE,2810,3,INSUFFICIENT_FUNDS
PAY_SIM_000146,3056.13,INR,,An unexpected error occurred while processing the transaction.,0.537,0,0,,,NONE,2225,3,PROCESSING_ERROR
PAY_SIM_000147,283.61,INR,AUTH_FAILURE,,0.357,0,0,,,NONE,2530,3,AUTH_FAILURE
PAY_SIM_000148,1995.45,INR,ISSUER_TIMEOUT,,0.334,2,2,RETRY_PAYMENT,FAILED,NONE,399,1,BANK_TIMEOUT
PAY_SIM_000149,4071.91,INR,CARD_DECLINED,,0.522,3,0,,,NONE,2806,3,CARD_DECLINED
PAY_SIM_000150,1086.41,INR,ISSUER_TIMEOUT,,0.353,1,1,RETRY_PAYMENT,FAILED,NONE,2168,2,BANK_TIMEOUT
PAY_SIM_000151,1722.46,INR,,3DS authentication was not completed successfully.,0.664,0,0,,,NONE,2409,3,AUTH_FAILURE
PAY_SIM_000152,758.48,INR,PROCESSING_ERROR,,0.454,0,0,,,NONE,2828,3,PROCESSING_ERROR
PAY_SIM_000153,866.19,INR,ISSUER_TIMEOUT,,0.575,0,0,,,NONE,1542,3,BANK_TIMEOUT
PAY_SIM_000154,3747.73,INR,CARD_DECLINED,,0.517,1,0,,,NONE,1600,3,CARD_DECLINED
PAY_SIM_000155,1167.96,INR,PROCESSING_ERROR,,0.284,0,0,,,NONE,372,3,PROCESSING_ERROR
PAY_SIM_000156,376.2,INR,OTP_FAILED,,0.655,0,0,,,NONE,2812,3,AUTH_FAILURE
PAY_SIM_000157,810.54,INR,BANK_503,,0.237,3,1,WAIT_AND_REASSESS,FAILED,NONE,2437,2,BANK_TIMEOUT
PAY_SIM_000158,6427.4,INR,DO_NOT_HONOR,,0.684,2,1,SEND_RECOVERY_LINK,FAILED,NONE,2475,2,CARD_DECLINED
PAY_SIM_000159,1363.7,INR,,Transaction could not be completed because of a temporary restriction at the issuer's end.,0.744,1,0,,,NONE,2314,3,BANK_TIMEOUT
PAY_SIM_000160,13517.1,INR,INSUFFICIENT_FUNDS,,0.539,1,1,WAIT_AND_REASSESS,FAILED,NONE,2761,2,INSUFFICIENT_FUNDS
PAY_SIM_000161,583.25,INR,GATEWAY_TIMEOUT,,0.4,0,0,,,NONE,2838,3,BANK_TIMEOUT
PAY_SIM_000162,7714.89,INR,INSUFFICIENT_FUNDS,,0.605,1,1,WAIT_AND_REASSESS,FAILED,NONE,1363,2,INSUFFICIENT_FUNDS
PAY_SIM_000163,227.62,INR,BANK_503,,0.721,0,0,,,NONE,2833,3,BANK_TIMEOUT
PAY_SIM_000164,3520.86,INR,CARD_DECLINED,,0.424,0,0,,,NONE,1858,3,CARD_DECLINED
PAY_SIM_000165,1296.62,INR,GATEWAY_TIMEOUT,,0.56,1,0,,,NONE,1751,3,BANK_TIMEOUT
PAY_SIM_000166,321.52,INR,INSUFFICIENT_FUNDS,,0.649,1,1,RETRY_PAYMENT,FAILED,NONE,2204,2,INSUFFICIENT_FUNDS
PAY_SIM_000167,3398.14,INR,ISSUER_TIMEOUT,,0.737,0,0,,,NONE,2764,3,BANK_TIMEOUT
PAY_SIM_000168,2901.22,INR,INSUFFICIENT_FUNDS,,0.442,0,0,,,NONE,2359,3,INSUFFICIENT_FUNDS
PAY_SIM_000169,1767.4,INR,DO_NOT_HONOR,,0.791,0,0,,,NONE,1577,3,CARD_DECLINED
PAY_SIM_000170,1713.22,INR,DO_NOT_HONOR,,0.455,0,0,,,NONE,925,3,CARD_DECLINED
PAY_SIM_000171,5009.48,INR,CARD_DECLINED,,0.668,3,0,,,NONE,175,3,CARD_DECLINED
PAY_SIM_000172,3552.38,INR,,An unexpected error occurred while processing the transaction.,0.474,1,0,,,NONE,2413,3,PROCESSING_ERROR
PAY_SIM_000173,766.56,INR,ISSUER_TIMEOUT,,0.431,0,0,,,NONE,1203,3,BANK_TIMEOUT
PAY_SIM_000174,2627.96,INR,PROCESSING_ERROR,,0.709,1,1,WAIT_AND_REASSESS,FAILED,NONE,587,2,PROCESSING_ERROR
PAY_SIM_000175,4228.97,INR,CARD_DECLINED,,0.672,2,1,RETRY_PAYMENT,FAILED,NONE,1882,2,CARD_DECLINED
PAY_SIM_000176,6082.7,INR,,3DS authentication was not completed successfully.,0.397,2,1,RETRY_PAYMENT,FAILED,NONE,193,2,AUTH_FAILURE
PAY_SIM_000177,92.07,INR,BANK_503,,0.352,0,0,,,NONE,2869,3,BANK_TIMEOUT
PAY_SIM_000178,738.24,INR,INSUFFICIENT_FUNDS,,0.836,0,0,,,NONE,424,3,INSUFFICIENT_FUNDS
PAY_SIM_000179,14626.27,INR,ISSUER_TIMEOUT,,0.528,0,0,,,NONE,1807,3,BANK_TIMEOUT
PAY_SIM_000180,1062.56,INR,BANK_503,,0.214,3,0,,,NONE,577,3,BANK_TIMEOUT
PAY_SIM_000181,2924.67,INR,CARD_DECLINED,,0.447,0,0,,,NONE,2092,3,CARD_DECLINED
PAY_SIM_000182,3747.41,INR,3DS_FAILED,,0.381,2,0,,,NONE,1484,3,AUTH_FAILURE
PAY_SIM_000183,2009.71,INR,DO_NOT_HONOR,,0.818,0,0,,,NONE,252,3,CARD_DECLINED
PAY_SIM_000184,1814.18,INR,INSUFFICIENT_FUNDS,,0.674,0,0,,,NONE,641,3,INSUFFICIENT_FUNDS
PAY_SIM_000185,143.59,INR,DO_NOT_HONOR,,0.311,1,1,SEND_RECOVERY_LINK,FAILED,NONE,567,2,CARD_DECLINED
PAY_SIM_000186,12239.71,INR,CARD_DECLINED,,0.123,0,0,,,NONE,1119,3,CARD_DECLINED
PAY_SIM_000187,1847.41,INR,DO_NOT_HONOR,,0.589,0,0,,,NONE,55,3,CARD_DECLINED
PAY_SIM_000188,5843.25,INR,,An unexpected error occurred while processing the transaction.,0.186,0,0,,,NONE,220,3,PROCESSING_ERROR
PAY_SIM_000189,395.13,INR,,An unexpected error occurred while processing the transaction.,0.501,0,0,,,NONE,2314,3,PROCESSING_ERROR
PAY_SIM_000190,2544.07,INR,DO_NOT_HONOR,,0.818,0,0,,,NONE,44,3,CARD_DECLINED
PAY_SIM_000191,2917.59,INR,,3DS authentication was not completed successfully.,0.545,3,1,RETRY_PAYMENT,FAILED,NONE,184,2,AUTH_FAILURE
PAY_SIM_000192,282.46,INR,INSUFFICIENT_FUNDS,,0.652,0,0,,,NONE,2875,3,INSUFFICIENT_FUNDS
PAY_SIM_000193,660.73,INR,,The payment gateway timed out while contacting the bank.,0.853,0,0,,,NONE,2200,3,BANK_TIMEOUT
PAY_SIM_000194,1092.4,INR,,Do not honor - card declined by issuing bank.,0.153,0,0,,,NONE,1347,3,CARD_DECLINED
PAY_SIM_000195,537.03,INR,,The card issuer declined this transaction.,0.821,1,0,,,NONE,257,3,CARD_DECLINED
PAY_SIM_000196,994.23,INR,,The payment gateway timed out while contacting the bank.,0.85,0,0,,,NONE,532,3,BANK_TIMEOUT
PAY_SIM_000197,7420.32,INR,,Transaction could not be completed because of a temporary restriction at the issuer's end.,0.71,0,0,,,NONE,1131,3,BANK_TIMEOUT
PAY_SIM_000198,3380.69,INR,INSUFFICIENT_FUNDS,,0.535,0,0,,,NONE,2637,3,INSUFFICIENT_FUNDS
PAY_SIM_000199,4146.81,INR,,An unexpected error occurred while processing the transaction.,0.612,0,0,,,NONE,1155,3,PROCESSING_ERROR
PAY_SIM_000200,200.52,INR,3DS_FAILED,,0.192,0,0,,,NONE,716,3,AUTH_FAILURE
PAY_SIM_000201,2379.72,INR,INSUFFICIENT_FUNDS,,0.442,0,0,,,NONE,901,0,INSUFFICIENT_FUNDS
PAY_SIM_000202,945.86,INR,3DS_FAILED,,0.942,2,1,SUGGEST_ALTERNATIVE_METHOD,FAILED,LINK_CLICKED,1535,2,AUTH_FAILURE
PAY_SIM_000203,1172.4,INR,,The payment gateway timed out while contacting the bank.,0.17,1,0,,,NONE,2306,3,BANK_TIMEOUT
PAY_SIM_000204,2216.2,INR,ISSUER_TIMEOUT,,0.682,3,2,WAIT_AND_REASSESS,FAILED,NONE,2329,0,BANK_TIMEOUT
PAY_SIM_000205,12756.39,INR,ISSUER_TIMEOUT,,0.447,0,0,,,NONE,368,3,BANK_TIMEOUT
PAY_SIM_000206,1576.46,INR,,3DS authentication was not completed successfully.,0.528,0,0,,,NONE,1723,3,AUTH_FAILURE
PAY_SIM_000207,1153.51,INR,AUTH_FAILURE,,0.683,0,0,,,NONE,141,3,AUTH_FAILURE
PAY_SIM_000208,667.28,INR,,Transaction could not be completed because of a temporary restriction at the issuer's end.,0.604,0,0,,,NONE,2682,3,BANK_TIMEOUT
PAY_SIM_000209,1231.58,INR,GATEWAY_TIMEOUT,,0.852,0,0,,,NONE,228,3,BANK_TIMEOUT
PAY_SIM_000210,2847.63,INR,,3DS authentication was not completed successfully.,0.191,0,0,,,NONE,1633,3,AUTH_FAILURE
PAY_SIM_000211,2002.51,INR,GATEWAY_TIMEOUT,,0.515,0,0,,,NONE,2857,3,BANK_TIMEOUT
PAY_SIM_000212,928.46,INR,AUTH_FAILURE,,0.425,3,1,WAIT_AND_REASSESS,FAILED,NONE,2350,2,AUTH_FAILURE
PAY_SIM_000213,2387.86,INR,,The card issuer declined this transaction.,0.78,0,0,,,NONE,689,3,CARD_DECLINED
PAY_SIM_000214,350.41,INR,ISSUER_TIMEOUT,,0.391,2,0,,,NONE,55,3,BANK_TIMEOUT
PAY_SIM_000215,765.18,INR,3DS_FAILED,,0.814,1,1,SUGGEST_ALTERNATIVE_METHOD,FAILED,LINK_CLICKED,1086,2,AUTH_FAILURE
PAY_SIM_000216,641.55,INR,,The card issuer declined this transaction.,0.643,2,1,RETRY_PAYMENT,FAILED,NONE,1951,2,CARD_DECLINED
PAY_SIM_000217,4040.87,INR,DO_NOT_HONOR,,0.636,0,0,,,NONE,1819,3,CARD_DECLINED
PAY_SIM_000218,451.12,INR,,The account does not have sufficient balance to complete this payment.,0.589,1,0,,,NONE,2080,3,INSUFFICIENT_FUNDS
PAY_SIM_000219,4384.36,INR,GATEWAY_TIMEOUT,,0.334,0,0,,,NONE,512,3,BANK_TIMEOUT
PAY_SIM_000220,2326.54,INR,,The account does not have sufficient balance to complete this payment.,0.195,0,0,,,NONE,672,3,INSUFFICIENT_FUNDS
PAY_SIM_000221,4285.12,INR,AUTH_FAILURE,,0.858,1,0,,,NONE,546,3,AUTH_FAILURE
PAY_SIM_000222,65330.78,INR,ISSUER_TIMEOUT,,0.759,2,0,,,NONE,898,3,BANK_TIMEOUT
PAY_SIM_000223,389.04,INR,DO_NOT_HONOR,,0.681,1,0,,,NONE,447,3,CARD_DECLINED
PAY_SIM_000224,4551.78,INR,INSUFFICIENT_FUNDS,,0.746,1,1,WAIT_AND_REASSESS,FAILED,NONE,2710,2,INSUFFICIENT_FUNDS
PAY_SIM_000225,1406.4,INR,INSUFFICIENT_FUNDS,,0.134,1,0,,,NONE,2194,3,INSUFFICIENT_FUNDS
PAY_SIM_000226,4305.45,INR,CARD_DECLINED,,0.377,1,0,,,NONE,2789,3,CARD_DECLINED
PAY_SIM_000227,3516.0,INR,,The card issuer declined this transaction.,0.804,2,0,,,NONE,2603,3,CARD_DECLINED
PAY_SIM_000228,939.28,INR,DO_NOT_HONOR,,0.67,0,0,,,NONE,1408,3,CARD_DECLINED
PAY_SIM_000229,4164.48,INR,BANK_503,,0.595,0,0,,,NONE,2365,3,BANK_TIMEOUT
PAY_SIM_000230,1452.1,INR,ISSUER_TIMEOUT,,0.954,1,1,SUGGEST_ALTERNATIVE_METHOD,FAILED,LINK_OPENED,2180,2,BANK_TIMEOUT
PAY_SIM_000231,1217.82,INR,,The account does not have sufficient balance to complete this payment.,0.514,0,0,,,NONE,553,3,INSUFFICIENT_FUNDS
PAY_SIM_000232,1826.16,INR,,The account does not have sufficient balance to complete this payment.,0.706,1,1,RETRY_PAYMENT,FAILED,NONE,2716,2,INSUFFICIENT_FUNDS
PAY_SIM_000233,1403.31,INR,INSUFFICIENT_FUNDS,,0.766,1,0,,,NONE,2715,3,INSUFFICIENT_FUNDS
PAY_SIM_000234,8435.02,INR,DO_NOT_HONOR,,0.403,1,1,SEND_RECOVERY_LINK,FAILED,LINK_SENT,1683,2,CARD_DECLINED
PAY_SIM_000235,3582.68,INR,OTP_FAILED,,0.208,3,1,RETRY_PAYMENT,FAILED,NONE,419,2,AUTH_FAILURE
PAY_SIM_000236,881.38,INR,,An unexpected error occurred while processing the transaction.,0.678,2,0,,,NONE,479,3,PROCESSING_ERROR
PAY_SIM_000237,261.34,INR,GATEWAY_TIMEOUT,,0.294,0,0,,,NONE,1644,3,BANK_TIMEOUT
PAY_SIM_000238,1684.13,INR,INSUFFICIENT_FUNDS,,0.58,0,0,,,NONE,1799,3,INSUFFICIENT_FUNDS
PAY_SIM_000239,1698.71,INR,,The account does not have sufficient balance to complete this payment.,0.762,0,0,,,NONE,2319,3,INSUFFICIENT_FUNDS
PAY_SIM_000240,4584.77,INR,CARD_DECLINED,,0.498,1,0,,,NONE,2291,3,CARD_DECLINED
PAY_SIM_000241,373.1,INR,INSUFFICIENT_FUNDS,,0.763,1,0,,,NONE,967,3,INSUFFICIENT_FUNDS
PAY_SIM_000242,1800.36,INR,GATEWAY_TIMEOUT,,0.455,2,1,SUGGEST_ALTERNATIVE_METHOD,FAILED,LINK_CLICKED,2308,2,BANK_TIMEOUT
PAY_SIM_000243,612.53,INR,DO_NOT_HONOR,,0.429,1,1,RETRY_PAYMENT,FAILED,NONE,404,2,CARD_DECLINED
PAY_SIM_000244,6377.92,INR,CARD_DECLINED,,0.807,0,0,,,NONE,1681,3,CARD_DECLINED
PAY_SIM_000245,4218.71,INR,ISSUER_TIMEOUT,,0.814,1,0,,,NONE,1850,3,BANK_TIMEOUT
PAY_SIM_000246,1799.55,INR,ISSUER_TIMEOUT,,0.177,0,0,,,NONE,530,3,BANK_TIMEOUT
PAY_SIM_000247,1830.98,INR,,3DS authentication was not completed successfully.,0.698,0,0,,,NONE,2103,3,AUTH_FAILURE
PAY_SIM_000248,402.68,INR,INSUFFICIENT_FUNDS,,0.309,1,1,SUGGEST_ALTERNATIVE_METHOD,FAILED,LINK_OPENED,1447,2,INSUFFICIENT_FUNDS
PAY_SIM_000249,8907.41,INR,INSUFFICIENT_FUNDS,,0.811,1,1,SUGGEST_ALTERNATIVE_METHOD,FAILED,NONE,259,2,INSUFFICIENT_FUNDS
PAY_SIM_000250,1432.2,INR,DO_NOT_HONOR,,0.77,0,0,,,NONE,2856,3,CARD_DECLINED
PAY_SIM_000251,821.09,INR,CARD_DECLINED,,0.073,2,1,SUGGEST_ALTERNATIVE_METHOD,FAILED,LINK_OPENED,2243,2,CARD_DECLINED
PAY_SIM_000252,265.55,INR,,Transaction could not be completed because of a temporary restriction at the issuer's end.,0.324,0,0,,,NONE,537,3,BANK_TIMEOUT
PAY_SIM_000253,2887.59,INR,DO_NOT_HONOR,,0.703,1,1,WAIT_AND_REASSESS,FAILED,NONE,2350,2,CARD_DECLINED
PAY_SIM_000254,10925.8,INR,,Do not honor - card declined by issuing bank.,0.634,1,0,,,NONE,1207,3,CARD_DECLINED
PAY_SIM_000255,617.96,INR,PROCESSING_ERROR,,0.685,3,0,,,NONE,2217,3,PROCESSING_ERROR
PAY_SIM_000256,1867.06,INR,CARD_DECLINED,,0.515,0,0,,,NONE,2208,3,CARD_DECLINED
PAY_SIM_000257,1541.31,INR,INSUFFICIENT_FUNDS,,0.457,1,0,,,NONE,1885,3,INSUFFICIENT_FUNDS
PAY_SIM_000258,6350.98,INR,BANK_503,,0.704,1,0,,,NONE,74,3,BANK_TIMEOUT
PAY_SIM_000259,4514.99,INR,INSUFFICIENT_FUNDS,,0.852,0,0,,,NONE,1239,3,INSUFFICIENT_FUNDS
PAY_SIM_000260,787.35,INR,CARD_DECLINED,,0.59,2,2,SUGGEST_ALTERNATIVE_METHOD,FAILED,LINK_CLICKED,50,1,CARD_DECLINED
PAY_SIM_000261,2267.6,INR,BANK_503,,0.724,1,0,,,NONE,2650,3,BANK_TIMEOUT
PAY_SIM_000262,3960.24,INR,BANK_503,,0.15,3,2,WAIT_AND_REASSESS,FAILED,NONE,2645,1,BANK_TIMEOUT
PAY_SIM_000263,463.38,INR,ISSUER_TIMEOUT,,0.734,0,0,,,NONE,1349,3,BANK_TIMEOUT
PAY_SIM_000264,3484.67,INR,,The payment gateway timed out while contacting the bank.,0.299,0,0,,,NONE,2788,3,BANK_TIMEOUT
PAY_SIM_000265,4967.54,INR,CARD_DECLINED,,0.587,2,1,SEND_RECOVERY_LINK,FAILED,NONE,2571,2,CARD_DECLINED
PAY_SIM_000266,6807.31,INR,3DS_FAILED,,0.705,0,0,,,NONE,613,3,AUTH_FAILURE
PAY_SIM_000267,865.42,INR,INSUFFICIENT_FUNDS,,0.528,2,1,SEND_RECOVERY_LINK,FAILED,LINK_OPENED,579,2,INSUFFICIENT_FUNDS
PAY_SIM_000268,1722.36,INR,,The account does not have sufficient balance to complete this payment.,0.724,0,0,,,NONE,1484,3,INSUFFICIENT_FUNDS
PAY_SIM_000269,2471.4,INR,,The payment gateway timed out while contacting the bank.,0.35,0,0,,,NONE,2412,3,BANK_TIMEOUT
PAY_SIM_000270,8857.58,INR,DO_NOT_HONOR,,0.449,1,0,,,NONE,574,3,CARD_DECLINED
PAY_SIM_000271,715.95,INR,ISSUER_TIMEOUT,,0.785,1,0,,,NONE,1966,3,BANK_TIMEOUT
PAY_SIM_000272,2133.06,INR,AUTH_FAILURE,,0.553,0,0,,,NONE,1665,3,AUTH_FAILURE
PAY_SIM_000273,20079.69,INR,3DS_FAILED,,0.592,0,0,,,NONE,2391,3,AUTH_FAILURE
PAY_SIM_000274,246.08,INR,CARD_DECLINED,,0.203,1,1,RETRY_PAYMENT,FAILED,NONE,731,2,CARD_DECLINED
PAY_SIM_000275,2297.38,INR,3DS_FAILED,,0.94,1,0,,,NONE,1728,3,AUTH_FAILURE
PAY_SIM_000276,8933.43,INR,CARD_DECLINED,,0.482,2,0,,,NONE,1747,3,CARD_DECLINED
PAY_SIM_000277,255.93,INR,3DS_FAILED,,0.961,0,0,,,NONE,2133,0,AUTH_FAILURE
PAY_SIM_000278,1491.39,INR,,3DS authentication was not completed successfully.,0.63,1,1,WAIT_AND_REASSESS,FAILED,NONE,839,2,AUTH_FAILURE
PAY_SIM_000279,2244.0,INR,ISSUER_TIMEOUT,,0.861,0,0,,,NONE,2869,3,BANK_TIMEOUT
PAY_SIM_000280,917.47,INR,CARD_DECLINED,,0.818,0,0,,,NONE,600,3,CARD_DECLINED
PAY_SIM_000281,1021.76,INR,,The payment gateway timed out while contacting the bank.,0.153,1,1,SEND_RECOVERY_LINK,FAILED,LINK_SENT,1803,0,BANK_TIMEOUT
PAY_SIM_000282,5403.51,INR,GATEWAY_TIMEOUT,,0.533,1,1,RETRY_PAYMENT,FAILED,NONE,1135,2,BANK_TIMEOUT
PAY_SIM_000283,2544.59,INR,DO_NOT_HONOR,,0.643,0,0,,,NONE,1867,3,CARD_DECLINED
PAY_SIM_000284,1856.91,INR,GATEWAY_TIMEOUT,,0.781,0,0,,,NONE,2359,3,BANK_TIMEOUT
PAY_SIM_000285,14773.53,INR,CARD_DECLINED,,0.821,3,1,SEND_RECOVERY_LINK,FAILED,LINK_OPENED,1694,2,CARD_DECLINED
PAY_SIM_000286,966.24,INR,INSUFFICIENT_FUNDS,,0.562,0,0,,,NONE,900,3,INSUFFICIENT_FUNDS
PAY_SIM_000287,212.27,INR,CARD_DECLINED,,0.284,0,0,,,NONE,2773,3,CARD_DECLINED
PAY_SIM_000288,1962.0,INR,,3DS authentication was not completed successfully.,0.519,2,1,WAIT_AND_REASSESS,FAILED,NONE,754,2,AUTH_FAILURE
PAY_SIM_000289,3107.4,INR,CARD_DECLINED,,0.626,1,0,,,NONE,498,3,CARD_DECLINED
PAY_SIM_000290,491.41,INR,GATEWAY_TIMEOUT,,0.576,0,0,,,NONE,2516,3,BANK_TIMEOUT
PAY_SIM_000291,3305.75,INR,,Transaction could not be completed because of a temporary restriction at the issuer's end.,0.288,0,0,,,NONE,970,3,BANK_TIMEOUT
PAY_SIM_000292,3642.92,INR,BANK_503,,0.389,0,0,,,NONE,2330,0,BANK_TIMEOUT
PAY_SIM_000293,5604.46,INR,,Transaction could not be completed because of a temporary restriction at the issuer's end.,0.686,1,1,SUGGEST_ALTERNATIVE_METHOD,FAILED,NONE,1691,2,BANK_TIMEOUT
PAY_SIM_000294,3336.64,INR,CARD_DECLINED,,0.266,0,0,,,NONE,1904,3,CARD_DECLINED
PAY_SIM_000295,7322.89,INR,,The account does not have sufficient balance to complete this payment.,0.672,1,1,WAIT_AND_REASSESS,FAILED,NONE,1116,2,INSUFFICIENT_FUNDS
PAY_SIM_000296,1942.77,INR,INSUFFICIENT_FUNDS,,0.586,0,0,,,NONE,332,3,INSUFFICIENT_FUNDS
PAY_SIM_000297,8800.27,INR,ISSUER_TIMEOUT,,0.22,1,1,SUGGEST_ALTERNATIVE_METHOD,FAILED,NONE,1168,2,BANK_TIMEOUT
PAY_SIM_000298,4953.13,INR,OTP_FAILED,,0.487,0,0,,,NONE,2862,3,AUTH_FAILURE
PAY_SIM_000299,3255.06,INR,INSUFFICIENT_FUNDS,,0.648,0,0,,,NONE,1814,3,INSUFFICIENT_FUNDS
PAY_SIM_000300,4918.43,INR,CARD_DECLINED,,0.198,0,0,,,NONE,1768,3,CARD_DECLINED
PAY_SIM_000301,1543.45,INR,DO_NOT_HONOR,,0.882,0,0,,,NONE,2516,3,CARD_DECLINED
PAY_SIM_000302,1963.42,INR,INSUFFICIENT_FUNDS,,0.591,0,0,,,NONE,2874,3,INSUFFICIENT_FUNDS
PAY_SIM_000303,6257.93,INR,BANK_503,,0.813,0,0,,,NONE,2046,3,BANK_TIMEOUT
PAY_SIM_000304,392.87,INR,,The card issuer declined this transaction.,0.175,0,0,,,NONE,1024,3,CARD_DECLINED
PAY_SIM_000305,353.29,INR,INSUFFICIENT_FUNDS,,0.578,0,0,,,NONE,177,3,INSUFFICIENT_FUNDS
PAY_SIM_000306,2505.46,INR,GATEWAY_TIMEOUT,,0.876,1,0,,,NONE,690,3,BANK_TIMEOUT
PAY_SIM_000307,5011.35,INR,AUTH_FAILURE,,0.838,0,0,,,NONE,2565,3,AUTH_FAILURE
PAY_SIM_000308,3392.05,INR,INSUFFICIENT_FUNDS,,0.212,2,0,,,NONE,795,0,INSUFFICIENT_FUNDS
PAY_SIM_000309,2306.73,INR,BANK_503,,0.493,0,0,,,NONE,2457,3,BANK_TIMEOUT
PAY_SIM_000310,1065.36,INR,DO_NOT_HONOR,,0.37,1,1,SUGGEST_ALTERNATIVE_METHOD,FAILED,LINK_OPENED,983,2,CARD_DECLINED
PAY_SIM_000311,7910.33,INR,BANK_503,,0.35,0,0,,,NONE,184,3,BANK_TIMEOUT
PAY_SIM_000312,1753.5,INR,,Transaction could not be completed because of a temporary restriction at the issuer's end.,0.468,1,0,,,NONE,1505,3,BANK_TIMEOUT
PAY_SIM_000313,613.58,INR,PROCESSING_ERROR,,0.603,1,1,SUGGEST_ALTERNATIVE_METHOD,FAILED,LINK_SENT,293,2,PROCESSING_ERROR
PAY_SIM_000314,1946.35,INR,PROCESSING_ERROR,,0.464,1,0,,,NONE,437,3,PROCESSING_ERROR
PAY_SIM_000315,1550.59,INR,INSUFFICIENT_FUNDS,,0.692,0,0,,,NONE,1448,3,INSUFFICIENT_FUNDS
PAY_SIM_000316,1151.68,INR,3DS_FAILED,,0.442,1,0,,,NONE,1858,3,AUTH_FAILURE
PAY_SIM_000317,824.26,INR,GATEWAY_TIMEOUT,,0.468,0,0,,,NONE,2346,3,BANK_TIMEOUT
PAY_SIM_000318,958.46,INR,,Transaction could not be completed because of a temporary restriction at the issuer's end.,0.372,0,0,,,NONE,1981,3,BANK_TIMEOUT
PAY_SIM_000319,446.22,INR,INSUFFICIENT_FUNDS,,0.869,0,0,,,NONE,1711,3,INSUFFICIENT_FUNDS
PAY_SIM_000320,3593.66,INR,,The account does not have sufficient balance to complete this payment.,0.265,0,0,,,NONE,632,3,INSUFFICIENT_FUNDS
PAY_SIM_000321,5559.88,INR,PROCESSING_ERROR,,0.317,1,0,,,NONE,1080,3,PROCESSING_ERROR
PAY_SIM_000322,1728.67,INR,3DS_FAILED,,0.431,0,0,,,NONE,1095,3,AUTH_FAILURE
PAY_SIM_000323,3172.35,INR,,Transaction could not be completed because of a temporary restriction at the issuer's end.,0.386,0,0,,,NONE,2529,3,BANK_TIMEOUT
PAY_SIM_000324,5137.77,INR,CARD_DECLINED,,0.479,1,0,,,NONE,1183,0,CARD_DECLINED
PAY_SIM_000325,1666.75,INR,DO_NOT_HONOR,,0.635,0,0,,,NONE,583,3,CARD_DECLINED
PAY_SIM_000326,2496.44,INR,INSUFFICIENT_FUNDS,,0.179,0,0,,,NONE,39,3,INSUFFICIENT_FUNDS
PAY_SIM_000327,2609.01,INR,,Customer failed OTP verification during checkout.,0.751,2,0,,,NONE,768,3,AUTH_FAILURE
PAY_SIM_000328,5689.85,INR,GATEWAY_TIMEOUT,,0.915,0,0,,,NONE,2058,3,BANK_TIMEOUT
PAY_SIM_000329,1108.79,INR,3DS_FAILED,,0.187,0,0,,,NONE,1284,3,AUTH_FAILURE
PAY_SIM_000330,3593.03,INR,BANK_503,,0.828,2,2,WAIT_AND_REASSESS,FAILED,NONE,599,1,BANK_TIMEOUT
PAY_SIM_000331,14842.27,INR,,Do not honor - card declined by issuing bank.,0.105,1,1,WAIT_AND_REASSESS,FAILED,NONE,1689,2,CARD_DECLINED
PAY_SIM_000332,917.73,INR,ISSUER_TIMEOUT,,0.105,1,0,,,NONE,950,3,BANK_TIMEOUT
PAY_SIM_000333,1528.12,INR,,Customer failed OTP verification during checkout.,0.343,0,0,,,NONE,66,3,AUTH_FAILURE
PAY_SIM_000334,1757.92,INR,,The account does not have sufficient balance to complete this payment.,0.556,1,0,,,NONE,1286,3,INSUFFICIENT_FUNDS
PAY_SIM_000335,1066.49,INR,,The card issuer declined this transaction.,0.163,1,0,,,NONE,2119,3,CARD_DECLINED
PAY_SIM_000336,1371.05,INR,BANK_503,,0.755,0,0,,,NONE,587,3,BANK_TIMEOUT
PAY_SIM_000337,559.18,INR,INSUFFICIENT_FUNDS,,0.445,0,0,,,NONE,1029,3,INSUFFICIENT_FUNDS
PAY_SIM_000338,1556.37,INR,INSUFFICIENT_FUNDS,,0.349,3,0,,,NONE,1563,0,INSUFFICIENT_FUNDS
PAY_SIM_000339,2576.56,INR,,The card issuer declined this transaction.,0.741,0,0,,,NONE,486,3,CARD_DECLINED
PAY_SIM_000340,764.63,INR,INSUFFICIENT_FUNDS,,0.983,0,0,,,NONE,1953,3,INSUFFICIENT_FUNDS
PAY_SIM_000341,2286.9,INR,,The payment gateway timed out while contacting the bank.,0.874,1,0,,,NONE,137,3,BANK_TIMEOUT
PAY_SIM_000342,544.57,INR,DO_NOT_HONOR,,0.601,1,0,,,NONE,151,3,CARD_DECLINED
PAY_SIM_000343,22069.4,INR,AUTH_FAILURE,,0.558,0,0,,,NONE,2345,3,AUTH_FAILURE
PAY_SIM_000344,2441.83,INR,,The card issuer declined this transaction.,0.622,1,0,,,NONE,2593,3,CARD_DECLINED
PAY_SIM_000345,1417.31,INR,INSUFFICIENT_FUNDS,,0.943,0,0,,,NONE,1265,3,INSUFFICIENT_FUNDS
PAY_SIM_000346,1073.93,INR,ISSUER_TIMEOUT,,0.335,0,0,,,NONE,150,3,BANK_TIMEOUT
PAY_SIM_000347,1235.09,INR,,Do not honor - card declined by issuing bank.,0.428,0,0,,,NONE,1363,3,CARD_DECLINED
PAY_SIM_000348,1112.27,INR,BANK_503,,0.481,0,0,,,NONE,1267,3,BANK_TIMEOUT
PAY_SIM_000349,436.61,INR,GATEWAY_TIMEOUT,,0.631,0,0,,,NONE,384,3,BANK_TIMEOUT
PAY_SIM_000350,672.34,INR,3DS_FAILED,,0.627,1,0,,,NONE,2119,3,AUTH_FAILURE
PAY_SIM_000351,376.48,INR,,The payment gateway timed out while contacting the bank.,0.684,2,0,,,NONE,193,3,BANK_TIMEOUT
PAY_SIM_000352,6979.17,INR,,Transaction could not be completed because of a temporary restriction at the issuer's end.,0.476,1,1,SUGGEST_ALTERNATIVE_METHOD,FAILED,NONE,1125,2,BANK_TIMEOUT
PAY_SIM_000353,1194.57,INR,BANK_503,,0.414,0,0,,,NONE,1392,3,BANK_TIMEOUT
PAY_SIM_000354,2618.64,INR,CARD_DECLINED,,0.359,1,1,WAIT_AND_REASSESS,FAILED,NONE,2529,2,CARD_DECLINED
PAY_SIM_000355,3608.98,INR,,The account does not have sufficient balance to complete this payment.,0.304,0,0,,,NONE,2808,3,INSUFFICIENT_FUNDS
PAY_SIM_000356,22754.39,INR,GATEWAY_TIMEOUT,,0.368,2,0,,,NONE,128,3,BANK_TIMEOUT
PAY_SIM_000357,2266.2,INR,CARD_DECLINED,,0.134,1,1,WAIT_AND_REASSESS,FAILED,NONE,1646,2,CARD_DECLINED
PAY_SIM_000358,7717.98,INR,CARD_DECLINED,,0.383,0,0,,,NONE,2235,3,CARD_DECLINED
PAY_SIM_000359,20942.23,INR,INSUFFICIENT_FUNDS,,0.356,0,0,,,NONE,1667,3,INSUFFICIENT_FUNDS
PAY_SIM_000360,2420.02,INR,CARD_DECLINED,,0.313,2,1,SEND_RECOVERY_LINK,FAILED,LINK_SENT,1198,2,CARD_DECLINED
PAY_SIM_000361,4999.48,INR,,The payment gateway timed out while contacting the bank.,0.361,1,1,RETRY_PAYMENT,FAILED,NONE,2391,0,BANK_TIMEOUT
PAY_SIM_000362,1320.26,INR,OTP_FAILED,,0.644,0,0,,,NONE,574,3,AUTH_FAILURE
PAY_SIM_000363,2619.41,INR,,3DS authentication was not completed successfully.,0.681,0,0,,,NONE,1708,3,AUTH_FAILURE
PAY_SIM_000364,1557.06,INR,INSUFFICIENT_FUNDS,,0.836,0,0,,,NONE,974,3,INSUFFICIENT_FUNDS
PAY_SIM_000365,334.39,INR,BANK_503,,0.316,2,1,SUGGEST_ALTERNATIVE_METHOD,FAILED,LINK_SENT,325,2,BANK_TIMEOUT
PAY_SIM_000366,205.71,INR,DO_NOT_HONOR,,0.925,1,0,,,NONE,2104,3,CARD_DECLINED
PAY_SIM_000367,1197.09,INR,DO_NOT_HONOR,,0.9,0,0,,,NONE,1200,3,CARD_DECLINED
PAY_SIM_000368,3699.44,INR,CARD_DECLINED,,0.724,1,1,SEND_RECOVERY_LINK,FAILED,LINK_OPENED,1519,2,CARD_DECLINED
PAY_SIM_000369,1307.8,INR,DO_NOT_HONOR,,0.529,3,1,SEND_RECOVERY_LINK,FAILED,LINK_OPENED,2616,2,CARD_DECLINED
PAY_SIM_000370,153.91,INR,GATEWAY_TIMEOUT,,0.195,3,2,SEND_RECOVERY_LINK,FAILED,LINK_SENT,1602,1,BANK_TIMEOUT
PAY_SIM_000371,7806.31,INR,BANK_503,,0.71,0,0,,,NONE,1607,3,BANK_TIMEOUT
PAY_SIM_000372,2226.01,INR,INSUFFICIENT_FUNDS,,0.647,1,1,RETRY_PAYMENT,FAILED,NONE,1689,2,INSUFFICIENT_FUNDS
PAY_SIM_000373,3191.32,INR,,The card issuer declined this transaction.,0.476,2,0,,,NONE,2460,3,CARD_DECLINED
PAY_SIM_000374,2481.37,INR,,The payment gateway timed out while contacting the bank.,0.874,0,0,,,NONE,315,3,BANK_TIMEOUT
PAY_SIM_000375,5384.07,INR,,Customer failed OTP verification during checkout.,0.504,0,0,,,NONE,251,3,AUTH_FAILURE
PAY_SIM_000376,1452.8,INR,DO_NOT_HONOR,,0.588,1,0,,,NONE,2640,3,CARD_DECLINED
PAY_SIM_000377,275.85,INR,BANK_503,,0.303,1,0,,,NONE,2872,3,BANK_TIMEOUT
PAY_SIM_000378,9227.21,INR,DO_NOT_HONOR,,0.315,0,0,,,NONE,2828,3,CARD_DECLINED
PAY_SIM_000379,1219.49,INR,DO_NOT_HONOR,,0.545,1,0,,,NONE,836,3,CARD_DECLINED
PAY_SIM_000380,970.38,INR,,The account does not have sufficient balance to complete this payment.,0.264,0,0,,,NONE,151,3,INSUFFICIENT_FUNDS
PAY_SIM_000381,300.39,INR,CARD_DECLINED,,0.783,0,0,,,NONE,2683,3,CARD_DECLINED
PAY_SIM_000382,1050.49,INR,INSUFFICIENT_FUNDS,,0.949,1,0,,,NONE,2662,3,INSUFFICIENT_FUNDS
PAY_SIM_000383,3535.09,INR,,3DS authentication was not completed successfully.,0.869,0,0,,,NONE,2526,3,AUTH_FAILURE
PAY_SIM_000384,20305.81,INR,DO_NOT_HONOR,,0.362,0,0,,,NONE,878,3,CARD_DECLINED
PAY_SIM_000385,311.1,INR,,Transaction could not be completed because of a temporary restriction at the issuer's end.,0.541,1,0,,,NONE,2594,3,BANK_TIMEOUT
PAY_SIM_000386,2314.48,INR,,Customer failed OTP verification during checkout.,0.644,0,0,,,NONE,1849,3,AUTH_FAILURE
PAY_SIM_000387,5200.48,INR,INSUFFICIENT_FUNDS,,0.335,1,0,,,NONE,2176,3,INSUFFICIENT_FUNDS
PAY_SIM_000388,2443.94,INR,DO_NOT_HONOR,,0.386,2,0,,,NONE,659,3,CARD_DECLINED
PAY_SIM_000389,1502.39,INR,BANK_503,,0.934,3,0,,,NONE,124,3,BANK_TIMEOUT
PAY_SIM_000390,2343.85,INR,INSUFFICIENT_FUNDS,,0.44,0,0,,,NONE,1694,3,INSUFFICIENT_FUNDS
PAY_SIM_000391,2142.66,INR,,Transaction could not be completed because of a temporary restriction at the issuer's end.,0.425,0,0,,,NONE,800,3,BANK_TIMEOUT
PAY_SIM_000392,1134.82,INR,,The card issuer declined this transaction.,0.344,0,0,,,NONE,2618,3,CARD_DECLINED
PAY_SIM_000393,6760.32,INR,GATEWAY_TIMEOUT,,0.782,1,1,SEND_RECOVERY_LINK,FAILED,LINK_CLICKED,25,2,BANK_TIMEOUT
PAY_SIM_000394,1833.27,INR,INSUFFICIENT_FUNDS,,0.468,1,1,WAIT_AND_REASSESS,FAILED,NONE,897,2,INSUFFICIENT_FUNDS
PAY_SIM_000395,2645.35,INR,,The payment gateway timed out while contacting the bank.,0.453,0,0,,,NONE,1665,3,BANK_TIMEOUT
PAY_SIM_000396,895.62,INR,INSUFFICIENT_FUNDS,,0.382,1,0,,,NONE,853,3,INSUFFICIENT_FUNDS
PAY_SIM_000397,34273.78,INR,,The account does not have sufficient balance to complete this payment.,0.212,0,0,,,NONE,279,3,INSUFFICIENT_FUNDS
PAY_SIM_000398,1036.49,INR,,An unexpected error occurred while processing the transaction.,0.466,0,0,,,NONE,928,3,PROCESSING_ERROR
PAY_SIM_000399,513.69,INR,ISSUER_TIMEOUT,,0.769,1,0,,,NONE,1202,3,BANK_TIMEOUT
PAY_SIM_000400,1658.35,INR,PROCESSING_ERROR,,0.397,0,0,,,NONE,1205,3,PROCESSING_ERROR
PAY_SIM_000401,1017.77,INR,DO_NOT_HONOR,,0.553,2,0,,,NONE,1380,3,CARD_DECLINED
PAY_SIM_000402,3519.79,INR,,The card issuer declined this transaction.,0.511,0,0,,,NONE,933,3,CARD_DECLINED
PAY_SIM_000403,2360.8,INR,GATEWAY_TIMEOUT,,0.744,2,1,SEND_RECOVERY_LINK,FAILED,NONE,173,2,BANK_TIMEOUT
PAY_SIM_000404,463.67,INR,GATEWAY_TIMEOUT,,0.208,0,0,,,NONE,1240,3,BANK_TIMEOUT
PAY_SIM_000405,2157.66,INR,OTP_FAILED,,0.306,1,1,SEND_RECOVERY_LINK,FAILED,LINK_OPENED,1815,2,AUTH_FAILURE
PAY_SIM_000406,397.3,INR,OTP_FAILED,,0.336,0,0,,,NONE,1143,3,AUTH_FAILURE
PAY_SIM_000407,1222.92,INR,INSUFFICIENT_FUNDS,,0.876,0,0,,,NONE,1756,3,INSUFFICIENT_FUNDS
PAY_SIM_000408,940.85,INR,,Do not honor - card declined by issuing bank.,0.276,0,0,,,NONE,675,3,CARD_DECLINED
PAY_SIM_000409,675.6,INR,INSUFFICIENT_FUNDS,,0.688,0,0,,,NONE,2424,3,INSUFFICIENT_FUNDS
PAY_SIM_000410,1076.62,INR,INSUFFICIENT_FUNDS,,0.509,0,0,,,NONE,2028,3,INSUFFICIENT_FUNDS
PAY_SIM_000411,711.29,INR,OTP_FAILED,,0.823,0,0,,,NONE,2822,3,AUTH_FAILURE
PAY_SIM_000412,1094.28,INR,CARD_DECLINED,,0.379,2,0,,,NONE,2361,0,CARD_DECLINED
PAY_SIM_000413,1422.72,INR,,Transaction could not be completed because of a temporary restriction at the issuer's end.,0.527,3,0,,,NONE,1199,3,BANK_TIMEOUT
PAY_SIM_000414,934.37,INR,3DS_FAILED,,0.399,1,0,,,NONE,2812,3,AUTH_FAILURE
PAY_SIM_000415,1909.68,INR,,The account does not have sufficient balance to complete this payment.,0.74,0,0,,,NONE,2517,3,INSUFFICIENT_FUNDS
PAY_SIM_000416,715.41,INR,CARD_DECLINED,,0.397,0,0,,,NONE,2848,3,CARD_DECLINED
PAY_SIM_000417,8764.01,INR,GATEWAY_TIMEOUT,,0.131,0,0,,,NONE,2434,3,BANK_TIMEOUT
PAY_SIM_000418,2880.7,INR,ISSUER_TIMEOUT,,0.797,1,0,,,NONE,2379,3,BANK_TIMEOUT
PAY_SIM_000419,2780.94,INR,,Customer failed OTP verification during checkout.,0.119,1,1,SEND_RECOVERY_LINK,FAILED,LINK_CLICKED,2205,0,AUTH_FAILURE
PAY_SIM_000420,6387.07,INR,PROCESSING_ERROR,,0.533,2,2,WAIT_AND_REASSESS,FAILED,NONE,882,1,PROCESSING_ERROR
PAY_SIM_000421,9664.41,INR,,Transaction could not be completed because of a temporary restriction at the issuer's end.,0.653,0,0,,,NONE,1282,3,BANK_TIMEOUT
PAY_SIM_000422,117.66,INR,CARD_DECLINED,,0.244,3,0,,,NONE,435,3,CARD_DECLINED
PAY_SIM_000423,943.04,INR,ISSUER_TIMEOUT,,0.644,0,0,,,NONE,1744,3,BANK_TIMEOUT
PAY_SIM_000424,3733.81,INR,OTP_FAILED,,0.767,3,2,SUGGEST_ALTERNATIVE_METHOD,FAILED,NONE,1867,1,AUTH_FAILURE
PAY_SIM_000425,25451.63,INR,ISSUER_TIMEOUT,,0.725,0,0,,,NONE,2557,3,BANK_TIMEOUT
PAY_SIM_000426,3612.59,INR,,Customer failed OTP verification during checkout.,0.742,2,0,,,NONE,134,3,AUTH_FAILURE
PAY_SIM_000427,1031.63,INR,DO_NOT_HONOR,,0.469,0,0,,,NONE,2018,3,CARD_DECLINED
PAY_SIM_000428,187.12,INR,DO_NOT_HONOR,,0.571,2,0,,,NONE,1608,3,CARD_DECLINED
PAY_SIM_000429,1275.92,INR,INSUFFICIENT_FUNDS,,0.232,0,0,,,NONE,1402,3,INSUFFICIENT_FUNDS
PAY_SIM_000430,597.35,INR,DO_NOT_HONOR,,0.696,2,0,,,NONE,700,0,CARD_DECLINED
PAY_SIM_000431,1337.42,INR,,The account does not have sufficient balance to complete this payment.,0.498,0,0,,,NONE,1325,3,INSUFFICIENT_FUNDS
PAY_SIM_000432,600.2,INR,,The account does not have sufficient balance to complete this payment.,0.86,3,0,,,NONE,2607,3,INSUFFICIENT_FUNDS
PAY_SIM_000433,1423.92,INR,GATEWAY_TIMEOUT,,0.254,0,0,,,NONE,2673,3,BANK_TIMEOUT
PAY_SIM_000434,1986.72,INR,CARD_DECLINED,,0.497,0,0,,,NONE,2119,3,CARD_DECLINED
PAY_SIM_000435,539.43,INR,INSUFFICIENT_FUNDS,,0.393,1,0,,,NONE,826,3,INSUFFICIENT_FUNDS
PAY_SIM_000436,538.49,INR,,The account does not have sufficient balance to complete this payment.,0.299,0,0,,,NONE,118,3,INSUFFICIENT_FUNDS
PAY_SIM_000437,8991.63,INR,,Do not honor - card declined by issuing bank.,0.667,0,0,,,NONE,86,3,CARD_DECLINED
PAY_SIM_000438,1372.41,INR,INSUFFICIENT_FUNDS,,0.817,1,1,SUGGEST_ALTERNATIVE_METHOD,FAILED,LINK_SENT,374,2,INSUFFICIENT_FUNDS
PAY_SIM_000439,2346.89,INR,,The card issuer declined this transaction.,0.704,0,0,,,NONE,1805,3,CARD_DECLINED
PAY_SIM_000440,991.3,INR,,The card issuer declined this transaction.,0.346,0,0,,,NONE,1267,0,CARD_DECLINED
PAY_SIM_000441,9934.58,INR,OTP_FAILED,,0.483,0,0,,,NONE,504,3,AUTH_FAILURE
PAY_SIM_000442,6463.51,INR,CARD_DECLINED,,0.383,2,2,SUGGEST_ALTERNATIVE_METHOD,FAILED,LINK_CLICKED,2644,1,CARD_DECLINED
PAY_SIM_000443,8704.83,INR,,3DS authentication was not completed successfully.,0.347,2,1,SUGGEST_ALTERNATIVE_METHOD,FAILED,LINK_SENT,1446,2,AUTH_FAILURE
PAY_SIM_000444,3723.64,INR,,Do not honor - card declined by issuing bank.,0.581,0,0,,,NONE,2664,3,CARD_DECLINED
PAY_SIM_000445,940.73,INR,OTP_FAILED,,0.548,1,0,,,NONE,1702,3,AUTH_FAILURE
PAY_SIM_000446,4606.53,INR,PROCESSING_ERROR,,0.291,0,0,,,NONE,696,0,PROCESSING_ERROR
PAY_SIM_000447,2056.39,INR,BANK_503,,0.541,0,0,,,NONE,1095,3,BANK_TIMEOUT
PAY_SIM_000448,892.65,INR,CARD_DECLINED,,0.855,1,0,,,NONE,1077,3,CARD_DECLINED
PAY_SIM_000449,3434.95,INR,CARD_DECLINED,,0.319,1,1,SUGGEST_ALTERNATIVE_METHOD,FAILED,NONE,2286,2,CARD_DECLINED
PAY_SIM_000450,899.2,INR,DO_NOT_HONOR,,0.491,0,0,,,NONE,1565,3,CARD_DECLINED
PAY_SIM_000451,872.31,INR,BANK_503,,0.538,1,0,,,NONE,1071,3,BANK_TIMEOUT
PAY_SIM_000452,6262.96,INR,,The card issuer declined this transaction.,0.244,0,0,,,NONE,680,3,CARD_DECLINED
PAY_SIM_000453,16254.5,INR,,Do not honor - card declined by issuing bank.,0.834,0,0,,,NONE,1918,3,CARD_DECLINED
PAY_SIM_000454,712.99,INR,ISSUER_TIMEOUT,,0.285,0,0,,,NONE,1168,3,BANK_TIMEOUT
PAY_SIM_000455,2576.81,INR,OTP_FAILED,,0.928,0,0,,,NONE,1013,3,AUTH_FAILURE
PAY_SIM_000456,5278.32,INR,BANK_503,,0.7,2,1,WAIT_AND_REASSESS,FAILED,NONE,2578,2,BANK_TIMEOUT
PAY_SIM_000457,335.93,INR,CARD_DECLINED,,0.836,1,0,,,NONE,2471,3,CARD_DECLINED
PAY_SIM_000458,4231.92,INR,,The payment gateway timed out while contacting the bank.,0.149,1,1,SEND_RECOVERY_LINK,FAILED,NONE,2015,2,BANK_TIMEOUT
PAY_SIM_000459,2452.25,INR,,3DS authentication was not completed successfully.,0.421,0,0,,,NONE,2463,3,AUTH_FAILURE
PAY_SIM_000460,1455.87,INR,INSUFFICIENT_FUNDS,,0.177,1,0,,,NONE,2033,3,INSUFFICIENT_FUNDS
PAY_SIM_000461,505.74,INR,BANK_503,,0.761,2,0,,,NONE,1215,3,BANK_TIMEOUT
PAY_SIM_000462,1871.03,INR,DO_NOT_HONOR,,0.455,0,0,,,NONE,1900,3,CARD_DECLINED
PAY_SIM_000463,1059.34,INR,ISSUER_TIMEOUT,,0.272,2,0,,,NONE,771,3,BANK_TIMEOUT
PAY_SIM_000464,3222.62,INR,GATEWAY_TIMEOUT,,0.601,0,0,,,NONE,2699,3,BANK_TIMEOUT
PAY_SIM_000465,8449.05,INR,CARD_DECLINED,,0.527,0,0,,,NONE,786,3,CARD_DECLINED
PAY_SIM_000466,379.33,INR,AUTH_FAILURE,,0.533,0,0,,,NONE,1903,3,AUTH_FAILURE
PAY_SIM_000467,199.25,INR,,The payment gateway timed out while contacting the bank.,0.867,2,0,,,NONE,37,3,BANK_TIMEOUT
PAY_SIM_000468,22073.66,INR,,An unexpected error occurred while processing the transaction.,0.694,0,0,,,NONE,2509,3,PROCESSING_ERROR
PAY_SIM_000469,2496.72,INR,GATEWAY_TIMEOUT,,0.323,0,0,,,NONE,665,3,BANK_TIMEOUT
PAY_SIM_000470,1872.34,INR,,Do not honor - card declined by issuing bank.,0.377,0,0,,,NONE,1603,3,CARD_DECLINED
PAY_SIM_000471,2490.99,INR,AUTH_FAILURE,,0.857,1,0,,,NONE,1708,3,AUTH_FAILURE
PAY_SIM_000472,5530.1,INR,,The payment gateway timed out while contacting the bank.,0.678,1,0,,,NONE,922,3,BANK_TIMEOUT
PAY_SIM_000473,5713.58,INR,AUTH_FAILURE,,0.733,0,0,,,NONE,2082,3,AUTH_FAILURE
PAY_SIM_000474,724.66,INR,,Customer failed OTP verification during checkout.,0.406,0,0,,,NONE,1803,3,AUTH_FAILURE
PAY_SIM_000475,4383.85,INR,BANK_503,,0.6,0,0,,,NONE,625,3,BANK_TIMEOUT
PAY_SIM_000476,351.28,INR,BANK_503,,0.775,3,0,,,NONE,45,3,BANK_TIMEOUT
PAY_SIM_000477,7626.05,INR,,The payment gateway timed out while contacting the bank.,0.883,1,1,SUGGEST_ALTERNATIVE_METHOD,FAILED,LINK_SENT,2793,2,BANK_TIMEOUT
PAY_SIM_000478,3495.66,INR,OTP_FAILED,,0.792,1,1,SUGGEST_ALTERNATIVE_METHOD,FAILED,LINK_CLICKED,2662,2,AUTH_FAILURE
PAY_SIM_000479,2030.02,INR,,Transaction could not be completed because of a temporary restriction at the issuer's end.,0.636,0,0,,,NONE,1283,3,BANK_TIMEOUT
PAY_SIM_000480,8964.18,INR,BANK_503,,0.501,0,0,,,NONE,1532,3,BANK_TIMEOUT
PAY_SIM_000481,2503.59,INR,,Transaction could not be completed because of a temporary restriction at the issuer's end.,0.435,2,2,SEND_RECOVERY_LINK,FAILED,LINK_SENT,1170,1,BANK_TIMEOUT
PAY_SIM_000482,1899.47,INR,INSUFFICIENT_FUNDS,,0.729,2,0,,,NONE,259,3,INSUFFICIENT_FUNDS
PAY_SIM_000483,1074.23,INR,,Do not honor - card declined by issuing bank.,0.631,0,0,,,NONE,1807,3,CARD_DECLINED
PAY_SIM_000484,838.08,INR,3DS_FAILED,,0.521,0,0,,,NONE,1943,0,AUTH_FAILURE
PAY_SIM_000485,1486.01,INR,DO_NOT_HONOR,,0.775,3,0,,,NONE,1995,0,CARD_DECLINED
PAY_SIM_000486,1765.0,INR,,Transaction could not be completed because of a temporary restriction at the issuer's end.,0.487,1,1,WAIT_AND_REASSESS,FAILED,NONE,1951,2,BANK_TIMEOUT
PAY_SIM_000487,1838.45,INR,3DS_FAILED,,0.307,0,0,,,NONE,1624,3,AUTH_FAILURE
PAY_SIM_000488,6356.88,INR,3DS_FAILED,,0.719,1,0,,,NONE,512,3,AUTH_FAILURE
PAY_SIM_000489,2131.48,INR,,Do not honor - card declined by issuing bank.,0.431,3,0,,,NONE,847,3,CARD_DECLINED
PAY_SIM_000490,1984.55,INR,GATEWAY_TIMEOUT,,0.556,0,0,,,NONE,2224,3,BANK_TIMEOUT
PAY_SIM_000491,2586.73,INR,3DS_FAILED,,0.866,2,0,,,NONE,500,3,AUTH_FAILURE
PAY_SIM_000492,1713.85,INR,,The account does not have sufficient balance to complete this payment.,0.806,0,0,,,NONE,1674,3,INSUFFICIENT_FUNDS
PAY_SIM_000493,617.04,INR,,Transaction could not be completed because of a temporary restriction at the issuer's end.,0.734,1,0,,,NONE,588,3,BANK_TIMEOUT
PAY_SIM_000494,355.78,INR,DO_NOT_HONOR,,0.631,0,0,,,NONE,1980,3,CARD_DECLINED
PAY_SIM_000495,4108.64,INR,,An unexpected error occurred while processing the transaction.,0.667,1,1,SUGGEST_ALTERNATIVE_METHOD,FAILED,LINK_CLICKED,868,2,PROCESSING_ERROR
PAY_SIM_000496,508.61,INR,,Customer failed OTP verification during checkout.,0.644,1,0,,,NONE,1613,3,AUTH_FAILURE
PAY_SIM_000497,1606.77,INR,CARD_DECLINED,,0.346,3,0,,,NONE,1522,3,CARD_DECLINED
PAY_SIM_000498,8321.4,INR,INSUFFICIENT_FUNDS,,0.43,2,0,,,NONE,2027,3,INSUFFICIENT_FUNDS
PAY_SIM_000499,2962.58,INR,,Customer failed OTP verification during checkout.,0.395,1,0,,,NONE,2265,3,AUTH_FAILURE
PAY_SIM_000500,629.76,INR,,Transaction could not be completed because of a temporary restriction at the issuer's end.,0.27,1,0,,,NONE,1040,3,BANK_TIMEOUT
